squad_player,squad_player_norm,fbref_player,fbref_player_norm,score,method,status
Jonas Urbig,jonas urbig,Jonas Urbig,jonas urbig,100.0,exact_match,matched
Manuel Neuer,manuel neuer,Manuel Neuer,manuel neuer,100.0,manual_mapping,matched
Sven Ulreich,sven ulreich,Sven Ulreich,sven ulreich,100.0,exact_match,matched
Dayot Upamecano,dayot upamecano,Dayot Upamecano,dayot upamecano,100.0,manual_mapping,matched
Jonathan Tah,jonathan tah,Jonathan Tah,jonathan tah,100.0,exact_match,matched
Hiroki Ito,hiroki ito,Hiroki Ito,hiroki ito,100.0,exact_match,matched
Alphonso Davies,alphonso davies,Alphonso Davies,alphonso davies,100.0,manual_mapping,matched
Raphaël Guerreiro,raphael guerreiro,Raphaël Guerreiro,raphael guerreiro,100.0,exact_match,matched
Josip Stanisic,josip stanisic,Josip Stanišić,josip stanisic,100.0,manual_mapping,matched
Konrad Laimer,konrad laimer,Konrad Laimer,konrad laimer,100.0,manual_mapping,matched
Sacha Boey,sacha boey,Sacha Boey,sacha boey,100.0,exact_match,matched
Aleksandar Pavlovic,aleksandar pavlovic,Aleksandar Pavlovic,aleksandar pavlovic,100.0,exact_match,matched
Joshua Kimmich,joshua kimmich,Joshua Kimmich,joshua kimmich,100.0,manual_mapping,matched
Tom Bischof,tom bischof,Tom Bischof,tom bischof,100.0,exact_match,matched
Leon Goretzka,leon goretzka,Leon Goretzka,leon goretzka,100.0,manual_mapping,matched
Jamal Musiala,jamal musiala,Jamal Musiala,jamal musiala,100.0,manual_mapping,matched
Lennart Karl,lennart karl,Lennart Karl,lennart karl,100.0,exact_match,matched
Luis Díaz,luis diaz,Luis Díaz,luis diaz,100.0,exact_match,matched
Serge Gnabry,serge gnabry,Serge Gnabry,serge gnabry,100.0,manual_mapping,matched
Wisdom Mike,wisdom mike,Wisdom Mike,wisdom mike,100.0,exact_match,matched
Michael Olise,michael olise,Michael Olise,michael olise,100.0,exact_match,matched
Harry Kane,harry kane,Harry Kane,harry kane,100.0,exact_match,matched
Nicolas Jackson,nicolas jackson,Nicolas Jackson,nicolas jackson,100.0,exact_match,matched
Mark Flekken,mark flekken,Mark Flekken,mark flekken,100.0,exact_match,matched
Edmond Tapsoba,edmond tapsoba,Edmond Tapsoba,edmond tapsoba,100.0,exact_match,matched
Loïc Badé,loic bade,Loïc Bade,loic bade,100.0,exact_match,matched
Jarell Quansah,jarell quansah,Jarell Quansah,jarell quansah,100.0,exact_match,matched
Jeanuël Belocian,jeanuel belocian,Jeanuël Belocian,jeanuel belocian,100.0,exact_match,matched
Axel Tape,axel tape,Axel Tapé,axel tape,100.0,exact_match,matched
Alejandro Grimaldo,alejandro grimaldo,Álex Grimaldo,alex grimaldo,100.0,manual_mapping,matched
Arthur,arthur,Arthur,arthur,100.0,exact_match,matched
Lucas Vázquez,lucas vazquez,Lucas Vázquez,lucas vazquez,100.0,exact_match,matched
Robert Andrich,robert andrich,Robert Andrich,robert andrich,100.0,manual_mapping,matched
Exequiel Palacios,exequiel palacios,Exequiel Palacios,exequiel palacios,100.0,manual_mapping,matched
Aleix García,aleix garcia,Aleix García,aleix garcia,100.0,exact_match,matched
Malik Tillman,malik tillman,Malik Tillman,malik tillman,100.0,exact_match,matched
Claudio Echeverri,claudio echeverri,Claudio Echeverri,claudio echeverri,100.0,exact_match,matched
Ibrahim Maza,ibrahim maza,Ibrahim Maza,ibrahim maza,100.0,exact_match,matched
Jonas Hofmann,jonas hofmann,Jonas Hofmann,jonas hofmann,100.0,manual_mapping,matched
Eliesse Ben Seghir,eliesse ben seghir,Eliesse Ben Seghir,eliesse ben seghir,100.0,exact_match,matched
Martin Terrier,martin terrier,Martin Terrier,martin terrier,100.0,exact_match,matched
Nathan Tella,nathan tella,Nathan Tella,nathan tella,100.0,exact_match,matched
Ernest Poku,ernest poku,Ernest Poku,ernest poku,100.0,exact_match,matched
Patrik Schick,patrik schick,Patrik Schick,patrik schick,100.0,manual_mapping,matched
Christian Kofane,christian kofane,Christian Kofane,christian kofane,100.0,exact_match,matched
Gregor Kobel,gregor kobel,Gregor Kobel,gregor kobel,100.0,manual_mapping,matched
Alexander Meyer,alexander meyer,Alexander Meyer,alexander meyer,100.0,exact_match,matched
Nico Schlotterbeck,nico schlotterbeck,Nico Schlotterbeck,nico schlotterbeck,100.0,exact_match,matched
Waldemar Anton,waldemar anton,Waldemar Anton,waldemar anton,100.0,exact_match,matched
Niklas Süle,niklas suele,Niklas Süle,niklas suele,100.0,exact_match,matched
Aarón Anselmino,aaron anselmino,Aaron Anselmino,aaron anselmino,100.0,exact_match,matched
Emre Can,emre can,Emre Can,emre can,100.0,manual_mapping,matched
Filippo Mane,filippo mane,Filippo Mane,filippo mane,100.0,exact_match,matched
Ramy Bensebaini,ramy bensebaini,Ramy Bensebaini,ramy bensebaini,100.0,exact_match,matched
Almugera Kabar,almugera kabar,Almugera Kabar,almugera kabar,100.0,exact_match,matched
Yan Couto,yan couto,Yan Couto,yan couto,100.0,exact_match,matched
Julian Ryerson,julian ryerson,Julian Ryerson,julian ryerson,100.0,exact_match,matched
Salih Özcan,salih oezcan,Salih Özcan,salih oezcan,100.0,exact_match,matched
Felix Nmecha,felix nmecha,Felix Nmecha,felix nmecha,100.0,manual_mapping,matched
Jobe Bellingham,jobe bellingham,Jobe Bellingham,jobe bellingham,100.0,exact_match,matched
Carney Chukwuemeka,carney chukwuemeka,Carney Chukwuemeka,carney chukwuemeka,100.0,exact_match,matched
Marcel Sabitzer,marcel sabitzer,Marcel Sabitzer,marcel sabitzer,100.0,exact_match,matched
Pascal Groß,pascal gross,Pascal Groß,pascal gross,100.0,exact_match,matched
Daniel Svensson,daniel svensson,Daniel Svensson,daniel svensson,100.0,exact_match,matched
Julian Brandt,julian brandt,Julian Brandt,julian brandt,100.0,manual_mapping,matched
Julien Duranville,julien duranville,Julien Duranville,julien duranville,100.0,exact_match,matched
Karim Adeyemi,karim adeyemi,Karim Adeyemi,karim adeyemi,100.0,manual_mapping,matched
Cole Campbell,cole campbell,Cole Campbell,cole campbell,100.0,exact_match,matched
Serhou Guirassy,serhou guirassy,Serhou Guirassy,serhou guirassy,100.0,exact_match,matched
Maximilian Beier,maximilian beier,Maximilian Beier,maximilian beier,100.0,exact_match,matched
Maarten Vandevoordt,maarten vandevoordt,Maarten Vandevoordt,maarten vandevoordt,100.0,exact_match,matched
Péter Gulácsi,peter gulacsi,Péter Gulácsi,peter gulacsi,100.0,manual_mapping,matched
Castello Lukeba,castello lukeba,Castello Lukeba,castello lukeba,100.0,exact_match,matched
El Chadaille Bitshiabu,el chadaille bitshiabu,El Chadaille Bitshiabu,el chadaille bitshiabu,100.0,exact_match,matched
Willi Orbán,willi orban,Willi Orban,willi orban,100.0,manual_mapping,matched
Lukas Klostermann,lukas klostermann,Lukas Klostermann,lukas klostermann,100.0,exact_match,matched
David Raum,david raum,David Raum,david raum,100.0,manual_mapping,matched
Benjamin Henrichs,benjamin henrichs,Benjamin Henrichs,benjamin henrichs,100.0,manual_mapping,matched
Kosta Nedeljkovic,kosta nedeljkovic,Kosta Nedeljković,kosta nedeljkovic,100.0,exact_match,matched
Ridle Baku,ridle baku,Ridle Baku,ridle baku,100.0,manual_mapping,matched
Nicolas Seiwald,nicolas seiwald,Nicolas Seiwald,nicolas seiwald,100.0,exact_match,matched
Amadou Haidara,amadou haidara,Amadou Haidara,amadou haidara,100.0,manual_mapping,matched
Ezechiel Banzuzi,ezechiel banzuzi,Ezechiel Banzuzi,ezechiel banzuzi,100.0,exact_match,matched
Xaver Schlager,xaver schlager,Xaver Schlager,xaver schlager,100.0,exact_match,matched
Assan Ouédraogo,assan ouedraogo,Assan Ouedraogo,assan ouedraogo,100.0,exact_match,matched
Kevin Kampl,kevin kampl,Kevin Kampl,kevin kampl,100.0,manual_mapping,matched
Christoph Baumgartner,christoph baumgartner,Christoph Baumgartner,christoph baumgartner,100.0,manual_mapping,matched
Viggo Gebel,viggo gebel,Viggo Gebel,viggo gebel,100.0,exact_match,matched
Antonio Nusa,antonio nusa,Antonio Nusa,antonio nusa,100.0,exact_match,matched
Timo Werner,timo werner,Timo Werner,timo werner,100.0,exact_match,matched
Tidiam Gomis,tidiam gomis,Tidiam Gomis,tidiam gomis,100.0,exact_match,matched
Yan Diomande,yan diomande,Yan Diomandé,yan diomande,100.0,exact_match,matched
Johan Bakayoko,johan bakayoko,Johan Bakayoko,johan bakayoko,100.0,exact_match,matched
Conrad Harder,conrad harder,Conrad Harder,conrad harder,100.0,exact_match,matched
Rômulo,romulo,Rômulo,romulo,100.0,exact_match,matched
Alexander Nübel,alexander nuebel,Alexander Nübel,alexander nuebel,100.0,exact_match,matched
Fabian Bredlow,fabian bredlow,Fabian Bredlow,fabian bredlow,100.0,exact_match,matched
Finn Jeltsch,finn jeltsch,Finn Jeltsch,finn jeltsch,100.0,exact_match,matched
Ameen Al-Dakhil,ameen aldakhil,Ameen Al-Dakhil,ameen aldakhil,100.0,exact_match,matched
Luca Jaquez,luca jaquez,Luca Jaquez,luca jaquez,100.0,exact_match,matched
Ramon Hendriks,ramon hendriks,Ramon Hendriks,ramon hendriks,100.0,exact_match,matched
Dan-Axel Zagadou,danaxel zagadou,Dan-Axel Zagadou,danaxel zagadou,100.0,exact_match,matched
Maximilian Mittelstädt,maximilian mittelstaedt,Maximilian Mittelstädt,maximilian mittelstaedt,100.0,exact_match,matched
Josha Vagnoman,josha vagnoman,Josha Vagnoman,josha vagnoman,100.0,exact_match,matched
Lorenz Assignon,lorenz assignon,Lorenz Assignon,lorenz assignon,100.0,exact_match,matched
Leonidas Stergiou,leonidas stergiou,Leonidas Stergiou,leonidas stergiou,100.0,exact_match,matched
Pascal Stenzel,pascal stenzel,Pascal Stenzel,pascal stenzel,100.0,exact_match,matched
Angelo Stiller,angelo stiller,Angelo Stiller,angelo stiller,100.0,exact_match,matched
Atakan Karazor,atakan karazor,Atakan Karazor,atakan karazor,100.0,exact_match,matched
Yannik Keitel,yannik keitel,Yannik Keitel,yannik keitel,100.0,exact_match,matched
Nikolas Nartey,nikolas nartey,Nikolas Nartey,nikolas nartey,100.0,exact_match,matched
Bilal El Khannouss,bilal el khannouss,Bilal El Khannouss,bilal el khannouss,100.0,exact_match,matched
Chris Führich,chris fuehrich,Chris Führich,chris fuehrich,100.0,exact_match,matched
Justin Diehl,justin diehl,Justin Diehl,justin diehl,100.0,exact_match,matched
Jamie Leweling,jamie leweling,Jamie Leweling,jamie leweling,100.0,exact_match,matched
Badredine Bouanani,badredine bouanani,Badredine Bouanani,badredine bouanani,100.0,exact_match,matched
Lazar Jovanovic,lazar jovanovic,Lazar Jovanović,lazar jovanovic,100.0,exact_match,matched
Ermedin Demirovic,ermedin demirovic,Ermedin Demirović,ermedin demirovic,100.0,exact_match,matched
Deniz Undav,deniz undav,Deniz Undav,deniz undav,100.0,exact_match,matched
Tiago Tomás,tiago tomas,Tiago Tomás,tiago tomas,100.0,exact_match,matched
Michael Zetterer,michael zetterer,Michael Zetterer,michael zetterer,100.0,exact_match,matched
Kauã Santos,kaua santos,Kauã Santos,kaua santos,100.0,exact_match,matched
Jens Grahl,jens grahl,Jens Grahl,jens grahl,100.0,exact_match,matched
Arthur Theate,arthur theate,Arthur Theate,arthur theate,100.0,exact_match,matched
Robin Koch,robin koch,Robin Koch,robin koch,100.0,exact_match,matched
Nnamdi Collins,nnamdi collins,Nnamdi Collins,nnamdi collins,100.0,exact_match,matched
Aurèle Amenda,aurele amenda,Aurele Amenda,aurele amenda,100.0,exact_match,matched
Nathaniel Brown,nathaniel brown,Nathaniel Brown,nathaniel brown,100.0,exact_match,matched
Rasmus Kristensen,rasmus kristensen,Rasmus Kristensen,rasmus kristensen,100.0,exact_match,matched
Elias Baum,elias baum,Elias Baum,elias baum,100.0,exact_match,matched
Aurélio Buta,aurelio buta,Aurélio Buta,aurelio buta,100.0,exact_match,matched
Timothy Chandler,timothy chandler,Timothy Chandler,timothy chandler,100.0,exact_match,matched
Ellyes Skhiri,ellyes skhiri,Ellyes Skhiri,ellyes skhiri,100.0,exact_match,matched
Hugo Larsson,hugo larsson,Hugo Larsson,hugo larsson,100.0,exact_match,matched
Oscar Højlund,oscar hojlund,Oscar Højlund,oscar hojlund,100.0,exact_match,matched
Mahmoud Dahoud,mahmoud dahoud,Mahmoud Dahoud,mahmoud dahoud,100.0,exact_match,matched
Can Uzun,can uzun,Can Uzun,can uzun,100.0,exact_match,matched
Farès Chaïbi,fares chaibi,Fares Chaïbi,fares chaibi,100.0,exact_match,matched
Mario Götze,mario goetze,Mario Götze,mario goetze,100.0,exact_match,matched
Ritsu Doan,ritsu doan,Ritsu Doan,ritsu doan,100.0,exact_match,matched
Ansgar Knauff,ansgar knauff,Ansgar Knauff,ansgar knauff,100.0,manual_mapping,matched
Jonathan Burkardt,jonathan burkardt,Jonathan Burkardt,jonathan burkardt,100.0,manual_mapping,matched
Elye Wahi,elye wahi,Elye Wahi,elye wahi,100.0,exact_match,matched
Michy Batshuayi,michy batshuayi,Michy Batshuayi,michy batshuayi,100.0,exact_match,matched
Jessic Ngankam,jessic ngankam,Jessic Ngankam,jessic ngankam,100.0,exact_match,matched
Oliver Baumann,oliver baumann,Oliver Baumann,oliver baumann,100.0,manual_mapping,matched
Luca Philipp,luca philipp,Luca Philipp,luca philipp,100.0,exact_match,matched
Albian Hajdari,albian hajdari,Albian Hajdari,albian hajdari,100.0,exact_match,matched
Koki Machida,koki machida,Koki Machida,koki machida,100.0,exact_match,matched
Bernardo,bernardo,Bernardo,bernardo,100.0,exact_match,matched
Ozan Kabak,ozan kabak,Ozan Kabak,ozan kabak,100.0,exact_match,matched
Arthur Chaves,arthur chaves,Arthur Chaves,arthur chaves,100.0,exact_match,matched
Robin Hranac,robin hranac,Robin Hranáč,robin hranac,100.0,exact_match,matched
Kevin Akpoguma,kevin akpoguma,Kevin Akpoguma,kevin akpoguma,100.0,exact_match,matched
Alexander Prass,alexander prass,Alexander Prass,alexander prass,100.0,exact_match,matched
Valentin Gendrey,valentin gendrey,Valentin Gendrey,valentin gendrey,100.0,exact_match,matched
Vladimír Coufal,vladimir coufal,Vladimír Coufal,vladimir coufal,100.0,exact_match,matched
Leon Avdullahu,leon avdullahu,Leon Avdullahu,leon avdullahu,100.0,exact_match,matched
Wouter Burger,wouter burger,Wouter Burger,wouter burger,100.0,exact_match,matched
Umut Tohumcu,umut tohumcu,Umut Tohumcu,umut tohumcu,100.0,exact_match,matched
Grischa Prömel,grischa proemel,Grischa Prömel,grischa proemel,100.0,exact_match,matched
Dennis Geiger,dennis geiger,Dennis Geiger,dennis geiger,100.0,exact_match,matched
Muhammed Damar,muhammed damar,Muhammed Damar,muhammed damar,100.0,exact_match,matched
Andrej Kramaric,andrej kramaric,Andrej Kramarić,andrej kramaric,100.0,manual_mapping,matched
Bazoumana Touré,bazoumana toure,Bazoumana Touré,bazoumana toure,100.0,exact_match,matched
Adam Hlozek,adam hlozek,Adam Hložek,adam hlozek,100.0,exact_match,matched
Fisnik Asllani,fisnik asllani,Fisnik Asllani,fisnik asllani,100.0,exact_match,matched
Max Moerstedt,max moerstedt,Max Moerstedt,max moerstedt,100.0,exact_match,matched
Tim Lemperle,tim lemperle,Tim Lemperle,tim lemperle,100.0,exact_match,matched
Mergim Berisha,mergim berisha,Mergim Berisha,mergim berisha,100.0,exact_match,matched
Ihlas Bebou,ihlas bebou,Ihlas Bebou,ihlas bebou,100.0,exact_match,matched
David Mokwa,david mokwa,David Mokwa,david mokwa,100.0,exact_match,matched
Noah Atubolu,noah atubolu,Noah Atubolu,noah atubolu,100.0,exact_match,matched
Florian Müller,florian mueller,Florian Müller,florian mueller,100.0,exact_match,matched
Philipp Lienhart,philipp lienhart,Philipp Lienhart,philipp lienhart,100.0,exact_match,matched
Max Rosenfelder,max rosenfelder,Max Rosenfelder,max rosenfelder,100.0,exact_match,matched
Matthias Ginter,matthias ginter,Matthias Ginter,matthias ginter,100.0,manual_mapping,matched
Anthony Jung,anthony jung,Anthony Jung,anthony jung,100.0,exact_match,matched
Jordy Makengo,jordy makengo,Jordy Makengo,jordy makengo,100.0,exact_match,matched
Christian Günter,christian guenter,Christian Günter,christian guenter,100.0,exact_match,matched
Philipp Treu,philipp treu,Philipp Treu,philipp treu,100.0,exact_match,matched
Lukas Kübler,lukas kuebler,Lukas Kübler,lukas kuebler,100.0,exact_match,matched
Patrick Osterhage,patrick osterhage,Patrick Osterhage,patrick osterhage,100.0,exact_match,matched
Nicolas Höfler,nicolas hoefler,Nicolas Höfler,nicolas hoefler,100.0,exact_match,matched
Maximilian Eggestein,maximilian eggestein,Maximilian Eggestein,maximilian eggestein,100.0,manual_mapping,matched
Johan Manzambi,johan manzambi,Johan Manzambi,johan manzambi,100.0,exact_match,matched
Yuito Suzuki,yuito suzuki,Yuito Suzuki,yuito suzuki,100.0,exact_match,matched
Vincenzo Grifo,vincenzo grifo,Vincenzo Grifo,vincenzo grifo,100.0,manual_mapping,matched
Derry Scherhant,derry scherhant,Derry Scherhant,derry scherhant,100.0,exact_match,matched
Eren Dinkçi,eren dinkci,Eren Dinkçi,eren dinkci,100.0,exact_match,matched
Cyriaque Irié,cyriaque irie,Cyriaque Irié,cyriaque irie,100.0,exact_match,matched
Maximilian Philipp,maximilian philipp,Maximilian Philipp,maximilian philipp,100.0,exact_match,matched
Junior Adamu,junior adamu,Junior Adamu,junior adamu,100.0,exact_match,matched
Igor Matanovic,igor matanovic,Igor Matanovic,igor matanovic,100.0,exact_match,matched
Lucas Höler,lucas hoeler,Lucas Höler,lucas hoeler,100.0,exact_match,matched
Diant Ramaj,diant ramaj,Diant Ramaj,diant ramaj,100.0,exact_match,matched
Kevin Müller,kevin mueller,Kevin Müller,kevin mueller,100.0,exact_match,matched
Frank Feller,frank feller,Frank Feller,frank feller,100.0,exact_match,matched
Benedikt Gimber,benedikt gimber,Benedikt Gimber,benedikt gimber,100.0,exact_match,matched
Patrick Mainka,patrick mainka,Patrick Mainka,patrick mainka,100.0,exact_match,matched
Tim Siersleben,tim siersleben,Tim Siersleben,tim siersleben,100.0,exact_match,matched
Thomas Keller,thomas keller,Thomas Keller,thomas keller,100.0,exact_match,matched
Adam Kölle,adam koelle,Adam Kölle,adam koelle,100.0,exact_match,matched
Jonas Föhrenbach,jonas foehrenbach,Jonas Föhrenbach,jonas foehrenbach,100.0,exact_match,matched
Omar Traoré,omar traore,Omar Traoré,omar traore,100.0,exact_match,matched
Marnon Busch,marnon busch,Marnon Busch,marnon busch,100.0,exact_match,matched
Niklas Dorsch,niklas dorsch,Niklas Dorsch,niklas dorsch,100.0,exact_match,matched
Julian Niehues,julian niehues,Julian Niehues,julian niehues,100.0,exact_match,matched
Jan Schöppner,jan schoeppner,Jan Schöppner,jan schoeppner,100.0,exact_match,matched
Luca Kerber,luca kerber,Luca Kerber,luca kerber,100.0,exact_match,matched
Arijon Ibrahimovic,arijon ibrahimovic,Arijon Ibrahimović,arijon ibrahimovic,100.0,exact_match,matched
Adrian Beck,adrian beck,Adrian Beck,adrian beck,100.0,exact_match,matched
Mathias Honsak,mathias honsak,Mathias Honsak,mathias honsak,100.0,exact_match,matched
Yannik Wagner,yannik wagner,Yannik Wagner,yannik wagner,100.0,exact_match,matched
Sirlord Conteh,sirlord conteh,Sirlord Conteh,sirlord conteh,100.0,exact_match,matched
Marvin Pieringer,marvin pieringer,Marvin Pieringer,marvin pieringer,100.0,exact_match,matched
Budu Zivzivadze,budu zivzivadze,Budu Zivzivadze,budu zivzivadze,100.0,exact_match,matched
Mikkel Kaufmann,mikkel kaufmann,Mikkel Kaufmann,mikkel kaufmann,100.0,exact_match,matched
Stefan Schimmer,stefan schimmer,Stefan Schimmer,stefan schimmer,100.0,exact_match,matched
Mio Backhaus,mio backhaus,Mio Backhaus,mio backhaus,100.0,exact_match,matched
Marco Friedl,marco friedl,Marco Friedl,marco friedl,100.0,manual_mapping,matched
Niklas Stark,niklas stark,Niklas Stark,niklas stark,100.0,exact_match,matched
Amos Pieper,amos pieper,Amos Pieper,amos pieper,100.0,manual_mapping,matched
Julián Malatini,julian malatini,Julián Malatini,julian malatini,100.0,exact_match,matched
Felix Agu,felix agu,Felix Agu,felix agu,100.0,exact_match,matched
Olivier Deman,olivier deman,Olivier Deman,olivier deman,100.0,exact_match,matched
Yukinari Sugawara,yukinari sugawara,Yukinari Sugawara,yukinari sugawara,100.0,exact_match,matched
Mitchell Weiser,mitchell weiser,Mitchell Weiser,mitchell weiser,100.0,exact_match,matched
Isaac Schmidt,isaac schmidt,Isaac Schmidt,isaac schmidt,100.0,exact_match,matched
Senne Lynen,senne lynen,Senne Lynen,senne lynen,100.0,exact_match,matched
Skelly Alvero,skelly alvero,Skelly Alvero,skelly alvero,100.0,exact_match,matched
Jens Stage,jens stage,Jens Stage,jens stage,100.0,exact_match,matched
Leonardo Bittencourt,leonardo bittencourt,Leonardo Bittencourt,leonardo bittencourt,100.0,manual_mapping,matched
Romano Schmid,romano schmid,Romano Schmid,romano schmid,100.0,exact_match,matched
Cameron Puertas,cameron puertas,Cameron Puertas,cameron puertas,100.0,exact_match,matched
Patrice Covic,patrice covic,Patrice Čović,patrice covic,100.0,exact_match,matched
Isak Hansen-Aarøen,isak hansenaaroen,Isak Hansen-Aarøen,isak hansenaaroen,100.0,exact_match,matched
Samuel Mbangula,samuel mbangula,Samuel Mbangula,samuel mbangula,100.0,exact_match,matched
Marco Grüll,marco gruell,Marco Grüll,marco gruell,100.0,exact_match,matched
Justin Njinmah,justin njinmah,Justin Njinmah,justin njinmah,100.0,exact_match,matched
Victor Boniface,victor boniface,Victor Boniface,victor boniface,100.0,exact_match,matched
Moritz Nicolas,moritz nicolas,Moritz Nicolas,moritz nicolas,100.0,exact_match,matched
Jonas Omlin,jonas omlin,Jonas Omlin,jonas omlin,100.0,exact_match,matched
Tobias Sippel,tobias sippel,Tobias Sippel,tobias sippel,100.0,exact_match,matched
Nico Elvedi,nico elvedi,Nico Elvedi,nico elvedi,100.0,manual_mapping,matched
Kevin Diks,kevin diks,Kevin Diks,kevin diks,100.0,exact_match,matched
Marvin Friedrich,marvin friedrich,Marvin Friedrich,marvin friedrich,100.0,exact_match,matched
Fabio Chiarodia,fabio chiarodia,Fabio Chiarodia,fabio chiarodia,100.0,exact_match,matched
Lukas Ullrich,lukas ullrich,Lukas Ullrich,lukas ullrich,100.0,exact_match,matched
Luca Netz,luca netz,Luca Netz,luca netz,100.0,exact_match,matched
Joe Scally,joe scally,Joe Scally,joe scally,100.0,exact_match,matched
Yannik Engelhardt,yannik engelhardt,Yannik Engelhardt,yannik engelhardt,100.0,exact_match,matched
Rocco Reitz,rocco reitz,Rocco Reitz,rocco reitz,100.0,exact_match,matched
Philipp Sander,philipp sander,Philipp Sander,philipp sander,100.0,exact_match,matched
Florian Neuhaus,florian neuhaus,Florian Neuhaus,florian neuhaus,100.0,manual_mapping,matched
Kevin Stöger,kevin stoeger,Kevin Stöger,kevin stoeger,100.0,exact_match,matched
Robin Hack,robin hack,Robin Hack,robin hack,100.0,manual_mapping,matched
Franck Honorat,franck honorat,Franck Honorat,franck honorat,100.0,exact_match,matched
Nathan Ngoumou,nathan ngoumou,Nathan N'Goumou,nathan ngoumou,100.0,exact_match,matched
Charles Herrmann,charles herrmann,Charles Herrmann,charles herrmann,100.0,exact_match,matched
Tim Kleindienst,tim kleindienst,Tim Kleindienst,tim kleindienst,100.0,manual_mapping,matched
Shuto Machino,shuto machino,Shuto Machino,shuto machino,100.0,exact_match,matched
Haris Tabakovic,haris tabakovic,Haris Tabakovic,haris tabakovic,100.0,exact_match,matched
Grant-Leon Ranos,grantleon ranos,Grant Ranos,grant ranos,100.0,manual_mapping,matched
Kamil Grabara,kamil grabara,Kamil Grabara,kamil grabara,100.0,exact_match,matched
Marius Müller,marius mueller,Marius Müller,marius mueller,100.0,exact_match,matched
Pavao Pervan,pavao pervan,Pavao Pervan,pavao pervan,100.0,exact_match,matched
Konstantinos Koulierakis,konstantinos koulierakis,Konstantinos Koulierakis,konstantinos koulierakis,100.0,exact_match,matched
Denis Vavro,denis vavro,Denis Vavro,denis vavro,100.0,exact_match,matched
Moritz Jenz,moritz jenz,Moritz Jenz,moritz jenz,100.0,exact_match,matched
Jenson Seelt,jenson seelt,Jenson Seelt,jenson seelt,100.0,exact_match,matched
Joakim Mæhle,joakim maehle,Joakim Mæhle,joakim maehle,100.0,exact_match,matched
Aaron Zehnter,aaron zehnter,Aaron Zehnter,aaron zehnter,100.0,exact_match,matched
Rogério,rogerio,Rogério,rogerio,100.0,exact_match,matched
Kilian Fischer,kilian fischer,Kilian Fischer,kilian fischer,100.0,exact_match,matched
Mattias Svanberg,mattias svanberg,Mattias Svanberg,mattias svanberg,100.0,exact_match,matched
Maximilian Arnold,maximilian arnold,Maximilian Arnold,maximilian arnold,100.0,manual_mapping,matched
Yannick Gerhardt,yannick gerhardt,Yannick Gerhardt,yannick gerhardt,100.0,manual_mapping,matched
Kevin Paredes,kevin paredes,Kevin Paredes,kevin paredes,100.0,exact_match,matched
Lovro Majer,lovro majer,Lovro Majer,lovro majer,100.0,exact_match,matched
Bence Dárdai,bence dardai,Bence Dárdai,bence dardai,100.0,exact_match,matched
Christian Eriksen,christian eriksen,Christian Eriksen,christian eriksen,100.0,exact_match,matched
Jesper Lindstrøm,jesper lindstrom,Jesper Lindstrøm,jesper lindstrom,100.0,manual_mapping,matched
Patrick Wimmer,patrick wimmer,Patrick Wimmer,patrick wimmer,100.0,exact_match,matched
Andreas Skov Olsen,andreas skov olsen,Andreas Skov Olsen,andreas skov olsen,100.0,exact_match,matched
Mohamed Amoura,mohamed amoura,Mohamed Amoura,mohamed amoura,100.0,exact_match,matched
Jonas Wind,jonas wind,Jonas Wind,jonas wind,100.0,exact_match,matched
Adam Daghim,adam daghim,Adam Daghim,adam daghim,100.0,exact_match,matched
Dzenan Pejcinovic,dzenan pejcinovic,Dženan Pejčinović,dzenan pejcinovic,100.0,exact_match,matched
Finn Dahmen,finn dahmen,Finn Dahmen,finn dahmen,100.0,exact_match,matched
Nediljko Labrovic,nediljko labrovic,Nediljko Labrović,nediljko labrovic,100.0,exact_match,matched
Chrislain Matsima,chrislain matsima,Chrislain Matsima,chrislain matsima,100.0,exact_match,matched
Cédric Zesiger,cedric zesiger,Cedric Zesiger,cedric zesiger,100.0,exact_match,matched
Keven Schlotterbeck,keven schlotterbeck,Keven Schlotterbeck,keven schlotterbeck,100.0,exact_match,matched
Noahkai Banks,noahkai banks,Noahkai Banks,noahkai banks,100.0,exact_match,matched
Maximilian Bauer,maximilian bauer,Maximilian Bauer,maximilian bauer,100.0,manual_mapping,matched
Jeffrey Gouweleeuw,jeffrey gouweleeuw,Jeffrey Gouweleeuw,jeffrey gouweleeuw,100.0,manual_mapping,matched
Mads Pedersen,mads pedersen,Mads Pedersen,mads pedersen,100.0,exact_match,matched
Marius Wolf,marius wolf,Marius Wolf,marius wolf,100.0,exact_match,matched
Kristijan Jakic,kristijan jakic,Kristijan Jakić,kristijan jakic,100.0,exact_match,matched
Robin Fellhauer,robin fellhauer,Robin Fellhauer,robin fellhauer,100.0,exact_match,matched
Mahmut Kücüksahin,mahmut kuecueksahin,Mahmut Kücüksahin,mahmut kuecueksahin,100.0,exact_match,matched
Han-Noah Massengo,hannoah massengo,Han-Noah Massengo,hannoah massengo,100.0,exact_match,matched
Arne Maier,arne maier,Arne Maier,arne maier,100.0,exact_match,matched
Elvis Rexhbecaj,elvis rexhbecaj,Elvis Rexhbeçaj,elvis rexhbecaj,100.0,manual_mapping,matched
Anton Kade,anton kade,Anton Kade,anton kade,100.0,exact_match,matched
Alexis Claude-Maurice,alexis claudemaurice,Alexis Claude-Maurice,alexis claudemaurice,100.0,exact_match,matched
Fabian Rieder,fabian rieder,Fabian Rieder,fabian rieder,100.0,exact_match,matched
Mert Kömür,mert koemuer,Mert Kömür,mert koemuer,100.0,exact_match,matched
Ismaël Gharbi,ismael gharbi,Ismaël Gharbi,ismael gharbi,100.0,exact_match,matched
Elias Saad,elias saad,Elias Saad,elias saad,100.0,exact_match,matched
Aiman Dardari,aiman dardari,Aiman Dardari,aiman dardari,100.0,exact_match,matched
Phillip Tietz,phillip tietz,Phillip Tietz,phillip tietz,100.0,exact_match,matched
Samuel Essende,samuel essende,Samuel Essende,samuel essende,100.0,exact_match,matched
Diogo Leite,diogo leite,Diogo Leite,diogo leite,100.0,exact_match,matched
Danilho Doekhi,danilho doekhi,Danilho Doekhi,danilho doekhi,100.0,exact_match,matched
Leopold Querfeld,leopold querfeld,Leopold Querfeld,leopold querfeld,100.0,exact_match,matched
Tom Rothe,tom rothe,Tom Rothe,tom rothe,100.0,exact_match,matched
Derrick Köhn,derrick koehn,Derrick Köhn,derrick koehn,100.0,exact_match,matched
Josip Juranovic,josip juranovic,Josip Juranović,josip juranovic,100.0,exact_match,matched
Christopher Trimmel,christopher trimmel,Christopher Trimmel,christopher trimmel,100.0,manual_mapping,matched
Aljoscha Kemlein,aljoscha kemlein,Aljoscha Kemlein,aljoscha kemlein,100.0,exact_match,matched
Rani Khedira,rani khedira,Rani Khedira,rani khedira,100.0,exact_match,matched
Alex Král,alex kral,Alex Král,alex kral,100.0,exact_match,matched
András Schäfer,andras schaefer,András Schäfer,andras schaefer,100.0,exact_match,matched
Janik Haberer,janik haberer,Janik Haberer,janik haberer,100.0,manual_mapping,matched
Robert Skov,robert skov,Robert Skov,robert skov,100.0,exact_match,matched
David Preu,david preu,David Preu,david preu,100.0,exact_match,matched
Ilyas Ansah,ilyas ansah,Ilyas Ansah,ilyas ansah,100.0,exact_match,matched
Andrej Ilic,andrej ilic,Andrej Ilic,andrej ilic,100.0,exact_match,matched
Marin Ljubicic,marin ljubicic,Marin Ljubicic,marin ljubicic,100.0,exact_match,matched
Oliver Burke,oliver burke,Oliver Burke,oliver burke,100.0,exact_match,matched
Tim Skarke,tim skarke,Tim Skarke,tim skarke,100.0,exact_match,matched
Timo Horn,timo horn,Timo Horn,timo horn,100.0,exact_match,matched
Erhan Masovic,erhan masovic,Erhan Mašović,erhan masovic,100.0,manual_mapping,matched
Noah Loosli,noah loosli,Noah Loosli,noah loosli,100.0,exact_match,matched
Maximilian Wittek,maximilian wittek,Maximilian Wittek,maximilian wittek,100.0,exact_match,matched
Felix Passlack,felix passlack,Felix Passlack,felix passlack,100.0,exact_match,matched
Kacper Koscierski,kacper koscierski,Kacper Koscierski,kacper koscierski,100.0,exact_match,matched
Ibrahima Sissoko,ibrahima sissoko,Ibrahima Sissoko,ibrahima sissoko,100.0,exact_match,matched
Matus Bero,matus bero,Matúš Bero,matus bero,100.0,exact_match,matched
Moritz-Broni Kwarteng,moritzbroni kwarteng,Moritz-Broni Kwarteng,moritzbroni kwarteng,100.0,exact_match,matched
Mats Pannewig,mats pannewig,Mats Pannewig,mats pannewig,100.0,exact_match,matched
Koji Miyoshi,koji miyoshi,Koji Miyoshi,koji miyoshi,100.0,exact_match,matched
Gerrit Holtmann,gerrit holtmann,Gerrit Holtmann,gerrit holtmann,100.0,manual_mapping,matched
Philipp Hofmann,philipp hofmann,Philipp Hofmann,philipp hofmann,100.0,manual_mapping,matched
Marvin Schwäbe,marvin schwaebe,Marvin Schwäbe,marvin schwaebe,100.0,exact_match,matched
Rav van den Berg,rav van den berg,Rav van den Berg,rav van den berg,100.0,exact_match,matched
Timo Hübers,timo huebers,Timo Hübers,timo huebers,100.0,exact_match,matched
Joël Schmied,joel schmied,Joël Schmied,joel schmied,100.0,exact_match,matched
Cenk Özkacar,cenk oezkacar,Cenk Özkacar,cenk oezkacar,100.0,exact_match,matched
Dominique Heintz,dominique heintz,Dominique Heintz,dominique heintz,100.0,exact_match,matched
Luca Kilian,luca kilian,Luca Kilian,luca kilian,100.0,manual_mapping,matched
Neo Telle,neo telle,Neo Telle,neo telle,100.0,exact_match,matched
Kristoffer Lund,kristoffer lund,Kristoffer Lund,kristoffer lund,100.0,exact_match,matched
Jusuf Gazibegovic,jusuf gazibegovic,Jusuf Gazibegović,jusuf gazibegovic,100.0,exact_match,matched
Sebastian Sebulonsen,sebastian sebulonsen,Sebastian Sebulonsen,sebastian sebulonsen,100.0,exact_match,matched
Eric Martel,eric martel,Eric Martel,eric martel,100.0,exact_match,matched
Ísak Jóhannesson,isak johannesson,Ísak Jóhannesson,isak johannesson,100.0,exact_match,matched
Tom Krauß,tom krauss,Tom Krauß,tom krauss,100.0,exact_match,matched
Denis Huseinbasic,denis huseinbasic,Denis Huseinbasic,denis huseinbasic,100.0,exact_match,matched
Alessio Castro-Montes,alessio castromontes,Alessio Castro-Montes,alessio castromontes,100.0,exact_match,matched
Florian Kainz,florian kainz,Florian Kainz,florian kainz,100.0,exact_match,matched
Jakub Kaminski,jakub kaminski,Jakub Kamiński,jakub kaminski,100.0,manual_mapping,matched
Linton Maina,linton maina,Linton Maina,linton maina,100.0,exact_match,matched
Said El Mala,said el mala,Said El Mala,said el mala,100.0,exact_match,matched
Marius Bülter,marius buelter,Marius Bülter,marius buelter,100.0,exact_match,matched
Jan Thielmann,jan thielmann,Jan Thielmann,jan thielmann,100.0,exact_match,matched
Ragnar Ache,ragnar ache,Ragnar Ache,ragnar ache,100.0,exact_match,matched
Luca Waldschmidt,luca waldschmidt,Luca Waldschmidt,luca waldschmidt,100.0,exact_match,matched
Robin Zentner,robin zentner,Robin Zentner,robin zentner,100.0,manual_mapping,matched
Lasse Rieß,lasse riess,Lasse Rieß,lasse riess,100.0,exact_match,matched
Daniel Batz,daniel batz,Daniel Batz,daniel batz,100.0,exact_match,matched
Andreas Hanche-Olsen,andreas hancheolsen,Andreas Hanche-Olsen,andreas hancheolsen,100.0,exact_match,matched
Dominik Kohr,dominik kohr,Dominik Kohr,dominik kohr,100.0,exact_match,matched
Maxim Leitsch,maxim leitsch,Maxim Leitsch,maxim leitsch,100.0,exact_match,matched
Danny da Costa,danny da costa,Danny da Costa,danny da costa,100.0,exact_match,matched
Stefan Bell,stefan bell,Stefan Bell,stefan bell,100.0,exact_match,matched
Phillipp Mwene,phillipp mwene,Phillipp Mwene,phillipp mwene,100.0,exact_match,matched
Anthony Caci,anthony caci,Anthony Caci,anthony caci,100.0,manual_mapping,matched
Nikolas Veratschnig,nikolas veratschnig,Nikolas Veratschnig,nikolas veratschnig,100.0,exact_match,matched
Silvan Widmer,silvan widmer,Silvan Widmer,silvan widmer,100.0,manual_mapping,matched
Kaishu Sano,kaishu sano,Kaishu Sano,kaishu sano,100.0,exact_match,matched
Lennard Maloney,lennard maloney,Lennard Maloney,lennard maloney,100.0,exact_match,matched
Sota Kawasaki,sota kawasaki,Sota Kawasaki,sota kawasaki,100.0,exact_match,matched
Nadiem Amiri,nadiem amiri,Nadiem Amiri,nadiem amiri,100.0,exact_match,matched
Paul Nebel,paul nebel,Paul Nebel,paul nebel,100.0,exact_match,matched
Arnaud Nordin,arnaud nordin,Arnaud Nordin,arnaud nordin,100.0,exact_match,matched
Armindo Sieb,armindo sieb,Armindo Sieb,armindo sieb,100.0,manual_mapping,matched
Benedict Hollerbach,benedict hollerbach,Benedict Hollerbach,benedict hollerbach,100.0,exact_match,matched
Nelson Weiper,nelson weiper,Nelson Weiper,nelson weiper,100.0,exact_match,matched
William Bøving,william boving,William Bøving,william boving,100.0,exact_match,matched
Ben Bobzien,ben bobzien,Ben Bobzien,ben bobzien,100.0,exact_match,matched
Timon Weiner,timon weiner,Timon Weiner,timon weiner,100.0,exact_match,matched
David Zec,david zec,David Zec,david zec,100.0,exact_match,matched
Marko Ivezic,marko ivezic,Marko Ivezić,marko ivezic,100.0,exact_match,matched
Marco Komenda,marco komenda,Marco Komenda,marco komenda,100.0,exact_match,matched
Patrick Erras,patrick erras,Patrick Erras,patrick erras,100.0,exact_match,matched
Ivan Nekic,ivan nekic,Ivan Nekić,ivan nekic,100.0,exact_match,matched
Carl Johansson,carl johansson,Carl Johansson,carl johansson,100.0,exact_match,matched
John Tolkin,john tolkin,John Tolkin,john tolkin,100.0,exact_match,matched
Lasse Rosenboom,lasse rosenboom,Lasse Rosenboom,lasse rosenboom,100.0,exact_match,matched
Magnus Knudsen,magnus knudsen,Magnus Knudsen,magnus knudsen,100.0,exact_match,matched
Andu Kelati,andu kelati,Andu Kelati,andu kelati,100.0,exact_match,matched
Alexander Bernhardsson,alexander bernhardsson,Alexander Bernhardsson,alexander bernhardsson,100.0,exact_match,matched
Phil Harres,phil harres,Phil Harres,phil harres,100.0,exact_match,matched
Steven Skrzybski,steven skrzybski,Steven Skrzybski,steven skrzybski,100.0,exact_match,matched
Nikola Vasilj,nikola vasilj,Nikola Vasilj,nikola vasilj,100.0,exact_match,matched
Eric Smith,eric smith,Eric Smith,eric smith,100.0,exact_match,matched
David Nemeth,david nemeth,David Nemeth,david nemeth,100.0,exact_match,matched
Hauke Wahl,hauke wahl,Hauke Wahl,hauke wahl,100.0,exact_match,matched
Karol Mets,karol mets,Karol Mets,karol mets,100.0,exact_match,matched
Lars Ritzka,lars ritzka,Lars Ritzka,lars ritzka,100.0,exact_match,matched
Louis Oppie,louis oppie,Louis Oppie,louis oppie,100.0,exact_match,matched
Manolis Saliakas,manolis saliakas,Manolis Saliakas,manolis saliakas,100.0,exact_match,matched
Arkadiusz Pyrka,arkadiusz pyrka,Arkadiusz Pyrka,arkadiusz pyrka,100.0,exact_match,matched
James Sands,james sands,James Sands,james sands,100.0,exact_match,matched
Connor Metcalfe,connor metcalfe,Connor Metcalfe,connor metcalfe,100.0,exact_match,matched
Jackson Irvine,jackson irvine,Jackson Irvine,jackson irvine,100.0,exact_match,matched
Erik Ahlstrand,erik ahlstrand,Erik Ahlstrand,erik ahlstrand,100.0,exact_match,matched
Danel Sinani,danel sinani,Danel Sinani,danel sinani,100.0,exact_match,matched
Mathias Pereira Lage,mathias pereira lage,Mathias Pereira Lage,mathias pereira lage,100.0,exact_match,matched
Oladapo Afolayan,oladapo afolayan,Oladapo Afolayan,oladapo afolayan,100.0,exact_match,matched
Martijn Kaars,martijn kaars,Martijn Kaars,martijn kaars,100.0,exact_match,matched
Andréas Hountondji,andreas hountondji,Andreas Hountondji,andreas hountondji,100.0,exact_match,matched
Abdoulie Ceesay,abdoulie ceesay,Abdoulie Ceesay,abdoulie ceesay,100.0,exact_match,matched
Daniel Heuer Fernandes,daniel heuer fernandes,Daniel Heuer Fernandes,daniel heuer fernandes,100.0,exact_match,matched
Luka Vuskovic,luka vuskovic,Luka Vušković,luka vuskovic,100.0,exact_match,matched
Jordan Torunarigha,jordan torunarigha,Jordan Torunarigha,jordan torunarigha,100.0,exact_match,matched
Daniel Elfadli,daniel elfadli,Daniel Elfadli,daniel elfadli,100.0,exact_match,matched
Warmed Omari,warmed omari,Warmed Omari,warmed omari,100.0,exact_match,matched
Aboubaka Soumahoro,aboubaka soumahoro,Aboubaka Soumahoro,aboubaka soumahoro,100.0,exact_match,matched
Miro Muheim,miro muheim,Miro Muheim,miro muheim,100.0,exact_match,matched
Noah Katterbach,noah katterbach,Noah Katterbach,noah katterbach,100.0,exact_match,matched
Giorgi Gocholeishvili,giorgi gocholeishvili,Giorgi Gocholeishvili,giorgi gocholeishvili,100.0,exact_match,matched
William Mikelbrencis,william mikelbrencis,William Mikelbrencis,william mikelbrencis,100.0,exact_match,matched
Silvan Hefti,silvan hefti,Silvan Hefti,silvan hefti,100.0,exact_match,matched
Jonas Meffert,jonas meffert,Jonas Meffert,jonas meffert,100.0,exact_match,matched
Albert Sambi Lokonga,albert sambi lokonga,Albert Sambi Lokonga,albert sambi lokonga,100.0,exact_match,matched
Nicolás Capaldo,nicolas capaldo,Nicolás Capaldo,nicolas capaldo,100.0,exact_match,matched
Nicolai Remberg,nicolai remberg,Nicolai Remberg,nicolai remberg,100.0,exact_match,matched
Fábio Vieira,fabio vieira,Fabio Vieira,fabio vieira,100.0,exact_match,matched
Immanuel Pherai,immanuel pherai,Immanuel Pherai,immanuel pherai,100.0,manual_mapping,matched
Jean-Luc Dompé,jeanluc dompe,Jean-Luc Dompé,jeanluc dompe,100.0,exact_match,matched
Alexander Røssing-Lelesiit,alexander rossinglelesiit,Alexander Røssing-Lelesiit,alexander rossinglelesiit,100.0,exact_match,matched
Fabio Baldé,fabio balde,Fabio Baldé,fabio balde,100.0,exact_match,matched
Rayan Philippe,rayan philippe,Rayan Philippe,rayan philippe,100.0,exact_match,matched
Emir Sahiti,emir sahiti,Emir Sahiti,emir sahiti,100.0,exact_match,matched
Bakery Jatta,bakery jatta,Bakery Jatta,bakery jatta,100.0,manual_mapping,matched
Ransford Königsdörffer,ransford koenigsdoerffer,Ransford Königsdörffer,ransford koenigsdoerffer,100.0,exact_match,matched
Yussuf Poulsen,yussuf poulsen,Yussuf Poulsen,yussuf poulsen,100.0,manual_mapping,matched
Robert Glatzel,robert glatzel,Robert Glatzel,robert glatzel,100.0,manual_mapping,matched
Leon Klanac,leon klanac,,,63.16,fuzzy_partial_ratio,unmatched
Min-jae Kim,minjae kim,Kim Min-jae,kim minjae,100.0,fuzzy_token_sort_ratio,matched
Janis Blaswich,janis blaswich,,,60.0,fuzzy_partial_ratio,unmatched
Niklas Lomb,niklas lomb,,,57.14,fuzzy_partial_ratio,unmatched
Equi Fernández,equi fernandez,Ezequiél Fernández,ezequiel fernandez,87.5,fuzzy_ratio,matched
Alejo Sarco,alejo sarco,,,66.67,fuzzy_partial_ratio,unmatched
Patrick Drewes,patrick drewes,,,60.0,fuzzy_partial_ratio,unmatched
Silas Ostrzinski,silas ostrzinski,,,60.0,fuzzy_partial_ratio,unmatched
Fábio Silva,fabio silva,,,52.63,fuzzy_partial_ratio,unmatched
Leopold Zingerle,leopold zingerle,,,48.28,fuzzy_partial_ratio,unmatched
Max Finkgräfe,max finkgraefe,,,48.0,fuzzy_partial_ratio,unmatched
Joyeux Masanka Bungi,joyeux masanka bungi,,,51.85,fuzzy_partial_ratio,unmatched
Andrija Maksimovic,andrija maksimovic,,,66.67,fuzzy_partial_ratio,unmatched
Florian Hellstern,florian hellstern,,,61.54,fuzzy_partial_ratio,unmatched
Stefan Drljaca,stefan drljaca,,,57.14,fuzzy_token_set_ratio,unmatched
Jeff Chabot,jeff chabot,,julian chabot,77.78,fuzzy_partial_ratio,manual_review
Mirza Catovic,mirza catovic,,,70.0,fuzzy_partial_ratio,unmatched
Chema Andrés,chema andres,Chema,chema,100.0,fuzzy_partial_ratio,matched
Noah Darvich,noah darvich,,,60.87,fuzzy_partial_ratio,unmatched
Silas,silas,Silas Katompa,silas katompa,100.0,fuzzy_partial_ratio,matched
Amil Siljevic,amil siljevic,,,52.17,fuzzy_partial_ratio,unmatched
Noah Fenyö,noah fenyoe,,,66.67,fuzzy_partial_ratio,unmatched
Jean-Mattéo Bahoya,jeanmatteo bahoya,Jean Mattéo Bahoya,jean matteo bahoya,97.14,fuzzy_ratio,matched
Lúkas Petersson,lukas petersson,,,56.0,fuzzy_partial_ratio,unmatched
Kelven Frees,kelven frees,,,58.82,fuzzy_partial_ratio,unmatched
Hennes Behrens,hennes behrens,Hannes Behrens,hannes behrens,92.86,fuzzy_ratio,matched
Luka Duric,luka duric,,,57.14,fuzzy_partial_ratio,unmatched
Deniz Zeitler,deniz zeitler,,,69.23,fuzzy_ratio,unmatched
Precious Benjamin,precious benjamin,,,56.0,fuzzy_partial_ratio,unmatched
Jannik Huth,jannik huth,,,70.59,fuzzy_partial_ratio,unmatched
Bruno Ogbus,bruno ogbus,,ifechukwu ogbus,77.78,fuzzy_partial_ratio,manual_review
Daniel-Kofi Kyereh,danielkofi kyereh,,,57.14,fuzzy_token_set_ratio,unmatched
Niklas Beste,niklas beste,Jan-Niklas Beste,janniklas beste,100.0,fuzzy_partial_ratio,matched
Paul Tschernuth,paul tschernuth,,,63.64,fuzzy_partial_ratio,unmatched
Leart Paçarada,leart pacarada,Leart Paqarada,leart paqarada,92.86,fuzzy_ratio,matched
Nick Rothweiler,nick rothweiler,,,57.14,fuzzy_partial_ratio,unmatched
Karl Hein,karl hein,Karl Jakob Hein,karl jakob hein,100.0,fuzzy_token_set_ratio,matched
Markus Kolke,markus kolke,,,55.56,fuzzy_partial_ratio,unmatched
Stefan Smarkalev,stefan smarkalev,,,52.17,fuzzy_partial_ratio,unmatched
Maximilian Wöber,maximilian woeber,,keke maximilian topp,75.0,fuzzy_partial_ratio,manual_review
Karim Coulibaly,karim coulibaly,,abdoul coulibaly,80.0,fuzzy_partial_ratio,manual_review
Mick Schmetgens,mick schmetgens,,,66.67,fuzzy_partial_ratio,unmatched
Wesley Adeh,wesley adeh,,,60.0,fuzzy_partial_ratio,unmatched
Keke Topp,keke topp,Keke Maximilian Topp,keke maximilian topp,100.0,fuzzy_token_set_ratio,matched
Salim Musah,salim musah,,,57.14,fuzzy_partial_ratio,unmatched
Tiago Pereira Cardoso,tiago pereira cardoso,Tiago Cardoso,tiago cardoso,100.0,fuzzy_token_set_ratio,matched
Niklas Swider,niklas swider,,,60.87,fuzzy_partial_ratio,unmatched
Jens Castrop,jens castrop,Castrop Jens,castrop jens,100.0,fuzzy_token_sort_ratio,matched
Oscar Fraulo,oscar fraulo,,,57.14,fuzzy_partial_ratio,unmatched
Giovanni Reyna,giovanni reyna,Gio Reyna,gio reyna,87.5,fuzzy_partial_ratio,matched
Wael Mohya,wael mohya,,,47.06,fuzzy_partial_ratio,unmatched
Jakub Zielinski,jakub zielinski,,jakub kaminski,75.86,fuzzy_ratio,manual_review
Mathys Angély,mathys angely,,,56.0,fuzzy_partial_ratio,unmatched
Saël Kumbedi,sael kumbedi,,,50.0,fuzzy_partial_ratio,unmatched
Vini Souza,vini souza,,vinicius souza,83.33,fuzzy_ratio,manual_review
Daniel Klein,daniel klein,,,54.55,fuzzy_partial_ratio,unmatched
Felix Meiser,felix meiser,,,58.82,fuzzy_partial_ratio,unmatched
Dimitrios Giannoulis,dimitrios giannoulis,Dimitris Giannoulis,dimitris giannoulis,97.44,fuzzy_ratio,matched
Oliver Sorg,oliver sorg,,,52.63,fuzzy_partial_ratio,unmatched
Frederik Rönnow,frederik roennow,Frederik Rønnow,frederik ronnow,96.77,fuzzy_ratio,matched
Matheo Raab,matheo raab,,,57.14,fuzzy_partial_ratio,unmatched
Carl Klaus,carl klaus,,,62.5,fuzzy_partial_ratio,unmatched
Stanley Nsoki,stanley nsoki,,,53.85,fuzzy_partial_ratio,unmatched
Oluwaseun Ogbemudia,oluwaseun ogbemudia,,,57.14,fuzzy_partial_ratio,unmatched
Andrik Markgraf,andrik markgraf,,,62.5,fuzzy_partial_ratio,unmatched
Woo-yeong Jeong,wooyeong jeong,Jeong Woo-yeong,jeong wooyeong,100.0,fuzzy_token_sort_ratio,matched
Livan Burcu,livan burcu,,,66.67,fuzzy_partial_ratio,unmatched
Dmytro Bogdanov,dmytro bogdanov,,,59.26,fuzzy_partial_ratio,unmatched
Niclas Thiede,niclas thiede,,,58.33,fuzzy_partial_ratio,unmatched
Hugo Rölleke,hugo roelleke,,,54.55,fuzzy_partial_ratio,unmatched
Leandro Morgalla,leandro morgalla,,,55.17,fuzzy_partial_ratio,unmatched
Colin Kleine-Bekel,colin kleinebekel,,,50.0,fuzzy_partial_ratio,unmatched
Kevin Vogt,kevin vogt,,kevin stoeger,77.78,fuzzy_partial_ratio,manual_review
Philipp Strompf,philipp strompf,,philipp hofmann,76.92,fuzzy_partial_ratio,manual_review
Darnell Keumo,darnell keumo,,,58.33,fuzzy_partial_ratio,unmatched
Cajetan Lenz,cajetan lenz,,,48.0,fuzzy_ratio,unmatched
Kjell Wätjen,kjell waetjen,,,57.14,fuzzy_partial_ratio,unmatched
Romario Rösch,romario roesch,,,66.67,fuzzy_partial_ratio,unmatched
Francis Onyeka,francis onyeka,,,50.0,fuzzy_partial_ratio,unmatched
Lirim Jashari,lirim jashari,,,58.33,fuzzy_partial_ratio,unmatched
Alessandro Crimaldi,alessandro crimaldi,,,51.61,fuzzy_token_sort_ratio,unmatched
Farid Alfa-Ruprecht,farid alfaruprecht,,,50.0,fuzzy_partial_ratio,unmatched
Ibrahim Sissoko,ibrahim sissoko,Ibrahima Sissoko,ibrahima sissoko,96.77,fuzzy_ratio,matched
Michael Obafemi,michael obafemi,,,60.87,fuzzy_partial_ratio,unmatched
Mathis Clairicia,mathis clairicia,,,58.82,fuzzy_partial_ratio,unmatched
Ron-Robert Zieler,ronrobert zieler,,,55.56,fuzzy_partial_ratio,unmatched
Matthias Köbbing,matthias koebbing,,mathias olesen,76.92,fuzzy_partial_ratio,manual_review
Fayssal Harchaoui,fayssal harchaoui,,,50.0,fuzzy_partial_ratio,unmatched
Emin Kujovic,emin kujovic,,,55.56,fuzzy_partial_ratio,unmatched
Malek El Mala,malek el mala,,said el mala,80.0,fuzzy_partial_ratio,manual_review
Konstantin Schopp,konstantin schopp,,,72.73,fuzzy_partial_ratio,unmatched
Maxim Dal,maxim dal,Maxim Leitsch,maxim leitsch,87.5,fuzzy_partial_ratio,matched
Kasey Bos,kasey bos,,,58.82,fuzzy_partial_ratio,unmatched
Niklas Tauer,niklas tauer,,nikolas veratschnig,78.26,fuzzy_partial_ratio,manual_review
Daniel Gleiber,daniel gleiber,,daniel batz,77.78,fuzzy_partial_ratio,manual_review
Jae-sung Lee,jaesung lee,Lee Jae-sung,lee jaesung,100.0,fuzzy_token_sort_ratio,matched
Jonas Krumrey,jonas krumrey,,,55.56,fuzzy_partial_ratio,unmatched
Marcel Engelhardt,marcel engelhardt,,,63.64,fuzzy_partial_ratio,unmatched
Lio Rothenhagen,lio rothenhagen,,,52.63,fuzzy_partial_ratio,unmatched
Tyler Doğan,tyler dogan,,,47.62,fuzzy_partial_ratio,unmatched
Mladen Cvjetinovic,mladen cvjetinovic,,,63.16,fuzzy_partial_ratio,unmatched
Frederik Roslyng,frederik roslyng,,,50.0,fuzzy_partial_ratio,unmatched
Leon Parduzi,leon parduzi,,,50.0,fuzzy_partial_ratio,unmatched
Niklas Niehoff,niklas niehoff,,,52.63,fuzzy_partial_ratio,unmatched
Kasper Davidsen,kasper davidsen,,,70.59,fuzzy_partial_ratio,unmatched
Robert Wagner,robert wagner,,,60.0,fuzzy_partial_ratio,unmatched
Stefan Schwab,stefan schwab,,,57.14,fuzzy_partial_ratio,unmatched
Hamza Muqaj,hamza muqaj,,,50.0,fuzzy_partial_ratio,unmatched
Jonas Therkelsen,jonas therkelsen,,,55.56,fuzzy_partial_ratio,unmatched
Louis Köster,louis koester,,,52.17,fuzzy_partial_ratio,unmatched
Adrián Kaprálik,adrian kapralik,,,55.56,fuzzy_partial_ratio,unmatched
Luca Prasse,luca prasse,,,62.5,fuzzy_partial_ratio,unmatched
Marcus Müller,marcus mueller,,,60.87,fuzzy_partial_ratio,unmatched
Ben Voll,ben voll,Ben Alexander Voll,ben alexander voll,100.0,fuzzy_token_set_ratio,matched
Simon Spari,simon spari,,,58.82,fuzzy_partial_ratio,unmatched
Adam Dzwigala,adam dzwigala,Adam Dźwigała,adam dzwigaa,96.0,fuzzy_ratio,matched
Jannik Robatsch,jannik robatsch,,,50.0,fuzzy_partial_ratio,unmatched
Fin Stevens,fin stevens,Finley Stevens,finley stevens,88.0,fuzzy_ratio,matched
Marwin Schmitz,marwin schmitz,,,66.67,fuzzy_partial_ratio,unmatched
Joel Chima Fujita,joel chima fujita,Joel Fujita,joel fujita,100.0,fuzzy_token_set_ratio,matched
Nick Schmidt,nick schmidt,,,63.64,fuzzy_ratio,unmatched
Romeo Aigbekaen,romeo aigbekaen,,,58.33,fuzzy_partial_ratio,unmatched
Ricky-Jade Jones,rickyjade jones,,,57.14,fuzzy_partial_ratio,unmatched
Daniel Peretz,daniel peretz,,daniel elfadli,76.19,fuzzy_partial_ratio,manual_review
Hannes Hermann,hannes hermann,,,61.54,fuzzy_partial_ratio,unmatched
Fernando Dickes,fernando dickes,,daniel heuer fernandes,75.0,fuzzy_partial_ratio,manual_review
Gui Ramos,gui ramos,,guilherme ramos,80.0,fuzzy_partial_ratio,manual_review
